trx_id,listing_id,agent_id,sale_price_idr,transaction_date,payment_method,commission_rate,commission_amount_idr
TRX001,LST00003,AGT054,11762000000,2024-11-16,KPA,0.0296,348155200
TRX002,LST00004,AGT024,17873000000,2022-09-07,KPR,0.0228,407504400
TRX003,LST00008,AGT123,3770000000,2022-12-20,KPR,0.0206,77662000
TRX004,LST00012,AGT134,10698000000,2024-05-28,KPR,0.0228,243914400
TRX005,LST00015,AGT097,7077000000,2025-02-09,KPR,0.0211,149324700
TRX006,LST00016,AGT081,2249000000,2022-12-08,Bertahap,0.0207,46554300
TRX007,LST00017,AGT078,9553000000,2022-06-19,Bertahap,0.0241,230227300
TRX008,LST00018,AGT117,2832000000,2023-01-04,KPR,0.0259,73348800
TRX009,LST00020,AGT028,382000000,2023-11-09,Tunai,0.0209,7983800
TRX010,LST00021,AGT051,907000000,2024-09-12,Tunai,0.0255,23128500
TRX011,LST00022,AGT087,2263000000,2024-11-06,Tunai,0.0253,57253900
TRX012,LST00030,AGT042,5186000000,2025-01-22,KPR,0.0214,110980400
TRX013,LST00032,AGT074,1593000000,2022-04-25,KPA,0.0271,43170300
TRX014,LST00033,AGT065,976000000,2023-09-17,KPR,0.0291,28401600
TRX015,LST00034,AGT095,4667000000,2023-06-23,KPR,0.0218,101740600
TRX016,LST00036,AGT042,2366000000,2023-02-02,Tunai,0.0236,55837600
TRX017,LST00038,AGT057,3545000000,2025-02-28,Bertahap,0.0226,80117000
TRX018,LST00042,AGT096,8842000000,2022-07-13,KPR,0.0214,189218800
TRX019,LST00047,AGT031,9527000000,2022-08-29,Tunai,0.024,228648000
TRX020,LST00051,AGT079,2014000000,2023-01-13,KPR,0.0283,56996200
TRX021,LST00054,AGT026,4973000000,2024-03-15,Tunai,0.0237,117860100
TRX022,LST00056,AGT057,3863000000,2025-01-06,KPR,0.0296,114344800
TRX023,LST00057,AGT115,3390000000,2023-09-03,KPR,0.0279,94581000
TRX024,LST00060,AGT101,8099000000,2024-05-24,Tunai,0.0233,188706700
TRX025,LST00061,AGT003,10336000000,2023-01-08,KPR,0.0257,265635200
TRX026,LST00062,AGT145,10221000000,2023-07-28,Bertahap,0.0211,215663100
TRX027,LST00063,AGT060,2826000000,2024-04-19,Tunai,0.0285,80541000
TRX028,LST00066,AGT065,6360000000,2025-02-16,Tunai,0.0261,165996000
TRX029,LST00069,AGT085,696000000,2023-05-12,Bertahap,0.0207,14407200
TRX030,LST00070,AGT106,869000000,2024-11-26,KPR,0.0247,21464300
TRX031,LST00071,AGT147,1605000000,2024-09-11,Bertahap,0.0215,34507500
TRX032,LST00072,AGT145,10394000000,2024-10-27,KPR,0.0265,275441000
TRX033,LST00073,AGT057,13413000000,2025-01-19,Tunai,0.0278,372881400
TRX034,LST00076,AGT025,3443000000,2022-09-22,Tunai,0.0289,99502700
TRX035,LST00080,AGT002,8989000000,2024-01-22,KPR,0.0201,180678900
TRX036,LST00082,AGT053,1938000000,2024-06-21,KPR,0.0201,38953800
TRX037,LST00083,AGT143,7990000000,2022-10-30,KPR,0.0226,180574000
TRX038,LST00085,AGT100,827000000,2022-07-19,KPA,0.0277,22907900
TRX039,LST00087,AGT015,12909000000,2025-02-09,KPA,0.0267,344670300
TRX040,LST00088,AGT050,1371000000,2022-06-16,Tunai,0.0293,40170300
TRX041,LST00089,AGT062,364000000,2024-07-02,Bertahap,0.0287,10446800
TRX042,LST00092,AGT002,2296000000,2023-11-22,Bertahap,0.0215,49364000
TRX043,LST00096,AGT068,4322000000,2023-05-03,KPR,0.0203,87736600
TRX044,LST00097,AGT081,6231000000,2023-04-15,KPR,0.0278,173221800
TRX045,LST00098,AGT062,14518000000,2022-09-07,KPR,0.0233,338269400
TRX046,LST00100,AGT081,4152000000,2024-05-21,KPR,0.0266,110443200
TRX047,LST00102,AGT045,7433000000,2023-06-14,KPR,0.0242,179878600
TRX048,LST00103,AGT149,2305000000,2023-08-23,KPR,0.0277,63848500
TRX049,LST00104,AGT069,14868000000,2024-05-06,Tunai,0.0212,315201600
TRX050,LST00105,AGT103,5295000000,2022-10-02,KPR,0.0244,129198000
TRX051,LST00106,AGT061,9709000000,2022-03-07,Bertahap,0.0221,214568900
TRX052,LST00107,AGT108,7881000000,2022-07-19,Tunai,0.024,189144000
TRX053,LST00111,AGT098,9824000000,2024-04-27,KPR,0.0259,254441600
TRX054,LST00112,AGT021,2898000000,2024-05-29,KPR,0.0251,72739800
TRX055,LST00115,AGT022,2173000000,2023-06-18,Tunai,0.0212,46067600
TRX056,LST00116,AGT073,7865000000,2024-03-25,KPR,0.0294,231231000
TRX057,LST00117,AGT122,4223000000,2025-01-02,KPR,0.0275,116132500
TRX058,LST00118,AGT145,14453000000,2022-10-25,KPR,0.0221,319411300
TRX059,LST00120,AGT074,14960000000,2022-05-10,Tunai,0.0236,353056000
TRX060,LST00122,AGT100,13204000000,2023-09-22,KPR,0.0294,388197600
TRX061,LST00124,AGT116,8949000000,2022-10-10,KPR,0.028,250572000
TRX062,LST00128,AGT004,1295000000,2024-08-26,KPR,0.0235,30432500
TRX063,LST00131,AGT061,11324000000,2023-05-16,KPR,0.0243,275173200
TRX064,LST00132,AGT011,2650000000,2022-09-05,KPR,0.0223,59095000
TRX065,LST00134,AGT040,9637000000,2024-08-06,KPA,0.0264,254416800
TRX066,LST00135,AGT006,11302000000,2024-11-06,Tunai,0.0202,228300400
TRX067,LST00136,AGT076,5010000000,2024-10-27,Bertahap,0.0265,132765000
TRX068,LST00140,AGT083,4381000000,2023-03-18,KPR,0.0285,124858500
TRX069,LST00143,AGT126,1955000000,2024-02-10,KPR,0.0213,41641500
TRX070,LST00145,AGT026,2070000000,2023-05-25,KPA,0.0247,51129000
TRX071,LST00146,AGT143,6615000000,2022-09-14,Tunai,0.028,185220000
TRX072,LST00147,AGT047,5000000000,2024-03-13,KPA,0.0229,114500000
TRX073,LST00149,AGT140,3975000000,2022-05-24,KPR,0.0242,96195000
TRX074,LST00150,AGT005,8317000000,2023-10-13,Tunai,0.0297,247014900
TRX075,LST00154,AGT077,663000000,2024-09-23,KPA,0.0218,14453400
TRX076,LST00157,AGT101,8049000000,2022-12-04,KPR,0.0279,224567100
TRX077,LST00159,AGT035,7579000000,2025-02-11,KPR,0.0231,175074900
TRX078,LST00160,AGT063,930000000,2024-08-14,KPR,0.0262,24366000
TRX079,LST00163,AGT014,4053000000,2022-05-12,KPR,0.0233,94434900
TRX080,LST00164,AGT054,13045000000,2025-02-23,KPR,0.0273,356128500
TRX081,LST00171,AGT008,4512000000,2022-11-01,Tunai,0.0205,92496000
TRX082,LST00173,AGT085,7518000000,2022-12-29,Tunai,0.0272,204489600
TRX083,LST00180,AGT053,825000000,2024-09-28,KPR,0.0201,16582500
TRX084,LST00183,AGT011,5088000000,2023-11-29,KPR,0.0242,123129600
TRX085,LST00184,AGT119,3209000000,2023-02-15,Tunai,0.0246,78941400
TRX086,LST00185,AGT116,1049000000,2024-07-18,Tunai,0.0244,25595600
TRX087,LST00189,AGT039,3555000000,2024-01-19,KPA,0.02,71100000
TRX088,LST00191,AGT118,4300000000,2024-08-11,KPR,0.0213,91590000
TRX089,LST00194,AGT028,3759000000,2024-12-17,KPR,0.0296,111266400
TRX090,LST00200,AGT060,1389000000,2023-08-06,KPR,0.0248,34447200
TRX091,LST00203,AGT083,228000000,2022-04-15,Tunai,0.022,5016000
TRX092,LST00205,AGT118,13690000000,2025-02-18,KPR,0.0281,384689000
TRX093,LST00207,AGT017,2714000000,2024-04-25,KPA,0.0208,56451200
TRX094,LST00210,AGT007,3934000000,2025-02-26,Tunai,0.0228,89695200
TRX095,LST00212,AGT002,11103000000,2025-02-28,KPR,0.0223,247596900
TRX096,LST00218,AGT092,2699000000,2025-01-04,KPA,0.023,62077000
TRX097,LST00219,AGT034,2337000000,2023-06-17,Tunai,0.0267,62397900
TRX098,LST00222,AGT148,1362000000,2022-08-12,Tunai,0.0299,40723800
TRX099,LST00223,AGT137,3878000000,2024-12-22,KPR,0.0233,90357400
TRX100,LST00224,AGT017,1525000000,2024-11-03,KPR,0.0258,39345000
TRX101,LST00225,AGT088,9800000000,2024-10-29,KPR,0.0275,269500000
TRX102,LST00227,AGT098,5981000000,2023-04-16,KPA,0.0205,122610500
TRX103,LST00229,AGT146,2644000000,2022-12-04,KPR,0.0201,53144400
TRX104,LST00230,AGT016,6518000000,2023-08-09,KPR,0.0216,140788800
TRX105,LST00232,AGT098,7236000000,2024-05-30,Tunai,0.0248,179452800
TRX106,LST00236,AGT129,5052000000,2024-02-23,KPR,0.0263,132867600
TRX107,LST00237,AGT149,2221000000,2023-11-24,Tunai,0.0241,53526100
TRX108,LST00238,AGT133,1868000000,2025-02-28,Tunai,0.0262,48941600
TRX109,LST00242,AGT033,4410000000,2023-06-15,KPR,0.0274,120834000
TRX110,LST00243,AGT029,3654000000,2023-03-03,Tunai,0.0292,106696800
TRX111,LST00244,AGT061,16054000000,2023-03-19,KPR,0.0226,362820400
TRX112,LST00246,AGT068,1327000000,2025-02-24,Tunai,0.0277,36757900
TRX113,LST00248,AGT098,2885000000,2025-02-28,KPR,0.0267,77029500
TRX114,LST00249,AGT091,7491000000,2022-09-25,Tunai,0.0226,169296600
TRX115,LST00253,AGT015,10411000000,2022-12-30,Tunai,0.0264,274850400
TRX116,LST00254,AGT145,1946000000,2024-09-26,KPR,0.0209,40671400
TRX117,LST00255,AGT110,12389000000,2022-08-14,KPR,0.0212,262646800
TRX118,LST00257,AGT101,3749000000,2022-11-28,KPR,0.0287,107596300
TRX119,LST00262,AGT021,3893000000,2023-04-14,Tunai,0.0255,99271500
TRX120,LST00265,AGT005,680000000,2022-10-25,Tunai,0.0218,14824000
TRX121,LST00266,AGT134,16388000000,2023-02-20,Tunai,0.0219,358897200
TRX122,LST00268,AGT025,4193000000,2025-02-28,KPR,0.0278,116565400
TRX123,LST00270,AGT031,10886000000,2022-09-03,Bertahap,0.0235,255821000
TRX124,LST00271,AGT045,5937000000,2024-06-18,KPR,0.0256,151987200
TRX125,LST00273,AGT125,1785000000,2025-02-26,KPR,0.028,49980000
TRX126,LST00275,AGT128,10047000000,2022-12-21,KPR,0.0269,270264300
TRX127,LST00276,AGT093,15359000000,2022-06-08,KPR,0.0237,364008300
TRX128,LST00279,AGT041,538000000,2024-02-15,KPR,0.0263,14149400
TRX129,LST00281,AGT097,4234000000,2024-09-04,KPR,0.0284,120245600
TRX130,LST00282,AGT100,1751000000,2024-03-15,KPR,0.0254,44475400
TRX131,LST00284,AGT076,3514000000,2024-09-04,Tunai,0.0286,100500400
TRX132,LST00286,AGT084,3679000000,2022-04-12,Tunai,0.023,84617000
TRX133,LST00288,AGT127,2402000000,2023-10-30,Tunai,0.0289,69417800
TRX134,LST00290,AGT119,12753000000,2022-09-01,KPR,0.0272,346881600
TRX135,LST00291,AGT086,8692000000,2022-11-21,KPR,0.0225,195570000
TRX136,LST00292,AGT086,12345000000,2024-05-18,KPR,0.0221,272824500
TRX137,LST00293,AGT011,3378000000,2023-04-01,Tunai,0.0296,99988800
TRX138,LST00294,AGT086,4007000000,2023-06-29,Tunai,0.0214,85749800
TRX139,LST00296,AGT121,11791000000,2024-08-18,KPR,0.0276,325431600
TRX140,LST00297,AGT021,7045000000,2022-12-28,KPR,0.0239,168375500
TRX141,LST00298,AGT134,494000000,2024-03-29,Tunai,0.0239,11806600
TRX142,LST00300,AGT086,6731000000,2025-02-28,KPR,0.0207,139331700
TRX143,LST00301,AGT118,2967000000,2024-12-23,KPR,0.0214,63493800
TRX144,LST00304,AGT011,5749000000,2022-08-31,Bertahap,0.0274,157522600
TRX145,LST00305,AGT082,3298000000,2023-10-12,KPR,0.0221,72885800
TRX146,LST00308,AGT147,1432000000,2022-04-29,KPR,0.0276,39523200
TRX147,LST00310,AGT084,1263000000,2025-02-28,KPR,0.0252,31827600
TRX148,LST00316,AGT097,2201000000,2024-12-28,Bertahap,0.0263,57886300
TRX149,LST00321,AGT122,1290000000,2024-02-13,KPA,0.0244,31476000
TRX150,LST00322,AGT035,6503000000,2023-10-31,Tunai,0.0274,178182200
TRX151,LST00324,AGT083,14323000000,2025-02-28,KPR,0.0288,412502400
TRX152,LST00327,AGT142,1300000000,2022-06-08,Bertahap,0.0234,30420000
TRX153,LST00329,AGT078,914000000,2023-06-28,KPR,0.0238,21753200
TRX154,LST00330,AGT033,2139000000,2022-06-12,KPR,0.0263,56255700
TRX155,LST00332,AGT012,454000000,2023-02-13,KPR,0.0288,13075200
TRX156,LST00335,AGT056,1926000000,2023-07-23,Tunai,0.0276,53157600
TRX157,LST00336,AGT122,6073000000,2024-04-04,KPR,0.0209,126925700
TRX158,LST00341,AGT027,7062000000,2022-09-10,Tunai,0.0287,202679400
TRX159,LST00343,AGT128,2463000000,2024-08-11,KPA,0.0249,61328700
TRX160,LST00344,AGT131,2648000000,2023-09-26,Tunai,0.0242,64081600
TRX161,LST00348,AGT139,9713000000,2024-09-29,Bertahap,0.0228,221456400
TRX162,LST00351,AGT121,8368000000,2024-03-06,KPR,0.029,242672000
TRX163,LST00354,AGT063,2369000000,2023-10-17,KPR,0.0242,57329800
TRX164,LST00355,AGT087,3364000000,2025-02-28,KPR,0.0208,69971200
TRX165,LST00356,AGT069,259000000,2024-07-09,Tunai,0.0224,5801600
TRX166,LST00358,AGT087,859000000,2022-10-20,Tunai,0.0243,20873700
TRX167,LST00363,AGT148,2109000000,2025-02-28,Bertahap,0.0283,59684700
TRX168,LST00364,AGT112,9513000000,2023-12-28,Tunai,0.0284,270169200
TRX169,LST00368,AGT011,8378000000,2022-08-24,Tunai,0.0287,240448600
TRX170,LST00370,AGT149,13201000000,2024-04-04,KPR,0.026,343226000
TRX171,LST00371,AGT100,4612000000,2023-11-07,KPA,0.0295,136054000
TRX172,LST00374,AGT062,2389000000,2023-01-22,KPR,0.0297,70953300
TRX173,LST00376,AGT061,5308000000,2022-05-21,Tunai,0.0267,141723600
TRX174,LST00378,AGT067,9108000000,2022-03-12,Tunai,0.0282,256845600
TRX175,LST00380,AGT079,2943000000,2023-02-24,KPR,0.0235,69160500
TRX176,LST00381,AGT106,6143000000,2024-01-14,Tunai,0.0257,157875100
TRX177,LST00382,AGT051,1841000000,2022-07-10,Tunai,0.0281,51732100
TRX178,LST00386,AGT034,7821000000,2023-05-11,Bertahap,0.0243,190050300
TRX179,LST00387,AGT047,7453000000,2024-09-14,KPR,0.0257,191542100
TRX180,LST00391,AGT012,200000000,2024-09-07,KPR,0.021,4200000
TRX181,LST00392,AGT095,1488000000,2024-03-25,KPR,0.0273,40622400
TRX182,LST00393,AGT034,2022000000,2023-10-31,KPR,0.0236,47719200
TRX183,LST00394,AGT111,5448000000,2024-07-24,KPR,0.0297,161805600
TRX184,LST00395,AGT081,2073000000,2023-03-02,Tunai,0.0278,57629400
TRX185,LST00396,AGT014,2118000000,2022-12-31,KPA,0.0299,63328200
TRX186,LST00397,AGT011,7265000000,2024-01-10,KPR,0.0221,160556500
TRX187,LST00399,AGT150,2122000000,2025-02-28,Tunai,0.0265,56233000
TRX188,LST00405,AGT111,12695000000,2023-06-20,Bertahap,0.0235,298332500
TRX189,LST00407,AGT110,2067000000,2025-02-23,Tunai,0.0286,59116200
TRX190,LST00408,AGT135,1781000000,2022-12-04,Tunai,0.0254,45237400
TRX191,LST00410,AGT028,4627000000,2023-11-03,KPR,0.0232,107346400
TRX192,LST00411,AGT021,4232000000,2024-03-27,Bertahap,0.0209,88448800
TRX193,LST00414,AGT102,2317000000,2024-12-10,Tunai,0.025,57925000
TRX194,LST00416,AGT049,1150000000,2025-02-26,KPR,0.022,25300000
TRX195,LST00418,AGT125,2192000000,2024-01-20,Tunai,0.0235,51512000
TRX196,LST00420,AGT149,4992000000,2024-11-25,KPR,0.0275,137280000
TRX197,LST00421,AGT016,19115000000,2024-09-03,KPR,0.0202,386123000
TRX198,LST00425,AGT054,2473000000,2024-10-30,KPR,0.0291,71964300
TRX199,LST00428,AGT144,4192000000,2023-08-10,Tunai,0.023,96416000
TRX200,LST00431,AGT114,4422000000,2022-11-11,KPR,0.024,106128000
TRX201,LST00433,AGT074,8812000000,2023-06-26,KPR,0.0209,184170800
TRX202,LST00435,AGT093,994000000,2024-02-13,KPA,0.024,23856000
TRX203,LST00437,AGT134,5022000000,2023-12-09,Bertahap,0.0234,117514800
TRX204,LST00438,AGT072,2250000000,2023-07-15,KPR,0.0292,65700000
TRX205,LST00441,AGT067,4078000000,2025-02-04,Bertahap,0.0281,114591800
TRX206,LST00443,AGT149,20180000000,2023-01-19,KPR,0.0261,526698000
TRX207,LST00444,AGT134,2486000000,2022-08-27,KPR,0.03,74580000
TRX208,LST00445,AGT109,13600000000,2023-07-09,KPR,0.0225,306000000
TRX209,LST00446,AGT020,6047000000,2023-11-22,KPR,0.0203,122754100
TRX210,LST00447,AGT128,2620000000,2024-06-14,KPA,0.0298,78076000
TRX211,LST00449,AGT055,3822000000,2023-02-03,KPR,0.0244,93256800
TRX212,LST00450,AGT105,2357000000,2023-12-22,KPR,0.0201,47375700
TRX213,LST00455,AGT060,6535000000,2022-08-13,KPR,0.0286,186901000
TRX214,LST00456,AGT007,2472000000,2023-02-23,Tunai,0.0241,59575200
TRX215,LST00457,AGT144,2157000000,2025-01-22,Tunai,0.0219,47238300
TRX216,LST00459,AGT053,1117000000,2025-02-28,Tunai,0.0258,28818600
TRX217,LST00461,AGT107,544000000,2025-02-27,KPR,0.0275,14960000
TRX218,LST00462,AGT074,1538000000,2022-12-29,KPR,0.028,43064000
TRX219,LST00464,AGT031,1267000000,2022-11-01,KPR,0.0236,29901200
TRX220,LST00465,AGT016,3072000000,2023-04-29,KPR,0.0232,71270400
TRX221,LST00467,AGT022,8581000000,2023-10-03,KPA,0.0213,182775300
TRX222,LST00468,AGT109,9873000000,2022-12-10,KPA,0.0225,222142500
TRX223,LST00469,AGT016,4217000000,2023-08-09,KPR,0.021,88557000
TRX224,LST00470,AGT131,5612000000,2022-10-13,Tunai,0.0271,152085200
TRX225,LST00472,AGT130,2899000000,2023-11-05,KPR,0.0281,81461900
TRX226,LST00475,AGT021,13273000000,2024-07-13,Bertahap,0.0235,311915500
TRX227,LST00477,AGT006,10266000000,2023-05-28,Tunai,0.0282,289501200
TRX228,LST00479,AGT029,13772000000,2023-01-12,KPR,0.0257,353940400
TRX229,LST00480,AGT033,11551000000,2023-09-04,Tunai,0.0244,281844400
TRX230,LST00482,AGT014,14325000000,2024-12-07,KPR,0.0295,422587500
TRX231,LST00483,AGT058,679000000,2023-04-30,Tunai,0.0245,16635500
TRX232,LST00484,AGT021,1212000000,2023-02-26,KPR,0.0248,30057600
TRX233,LST00487,AGT113,13095000000,2022-06-16,KPR,0.0268,350946000
TRX234,LST00489,AGT014,9701000000,2022-05-19,Bertahap,0.0228,221182800
TRX235,LST00492,AGT033,10261000000,2023-06-18,Bertahap,0.0203,208298300
TRX236,LST00495,AGT061,4457000000,2023-03-07,Tunai,0.027,120339000
TRX237,LST00497,AGT145,12495000000,2024-12-08,Tunai,0.0222,277389000
TRX238,LST00498,AGT001,2107000000,2024-02-15,Tunai,0.027,56889000
TRX239,LST00499,AGT053,3432000000,2022-09-30,KPR,0.0257,88202400
TRX240,LST00501,AGT057,2574000000,2023-03-05,Tunai,0.0214,55083600
TRX241,LST00504,AGT037,1394000000,2024-11-08,KPA,0.0259,36104600
TRX242,LST00505,AGT063,1293000000,2023-01-24,Tunai,0.0205,26506500
TRX243,LST00509,AGT057,3875000000,2023-10-25,Tunai,0.0212,82150000
TRX244,LST00510,AGT022,2826000000,2022-07-24,Tunai,0.0206,58215600
TRX245,LST00511,AGT132,6072000000,2025-01-05,KPR,0.0273,165765600
TRX246,LST00513,AGT132,8863000000,2023-05-12,Tunai,0.0277,245505100
TRX247,LST00517,AGT142,13537000000,2024-06-28,KPR,0.0203,274801100
TRX248,LST00518,AGT113,4195000000,2022-05-28,Bertahap,0.0212,88934000
TRX249,LST00519,AGT091,5541000000,2022-07-13,Tunai,0.0257,142403700
TRX250,LST00521,AGT028,6449000000,2023-01-22,KPR,0.028,180572000
TRX251,LST00523,AGT073,3994000000,2024-06-06,Tunai,0.0214,85471600
TRX252,LST00524,AGT003,3154000000,2024-09-06,KPR,0.0231,72857400
TRX253,LST00527,AGT085,2345000000,2022-09-18,Tunai,0.0288,67536000
TRX254,LST00529,AGT111,8093000000,2022-06-01,KPR,0.0226,182901800
TRX255,LST00530,AGT041,4637000000,2025-01-21,KPR,0.0299,138646300
TRX256,LST00532,AGT065,2038000000,2024-03-17,KPR,0.0245,49931000
TRX257,LST00537,AGT134,1090000000,2024-04-04,KPR,0.0202,22018000
TRX258,LST00538,AGT064,1718000000,2024-01-11,Tunai,0.0206,35390800
TRX259,LST00540,AGT049,2637000000,2024-06-26,KPR,0.02,52740000
TRX260,LST00541,AGT060,8387000000,2023-07-08,KPR,0.02,167740000
TRX261,LST00544,AGT045,10448000000,2025-02-28,KPR,0.028,292544000
TRX262,LST00545,AGT060,8619000000,2023-08-18,KPR,0.0286,246503400
TRX263,LST00548,AGT107,11599000000,2023-07-04,KPR,0.0264,306213600
TRX264,LST00551,AGT033,1073000000,2024-11-02,Tunai,0.0222,23820600
TRX265,LST00552,AGT043,960000000,2024-01-03,KPA,0.0291,27936000
TRX266,LST00553,AGT115,10803000000,2024-03-27,Tunai,0.0218,235505400
TRX267,LST00555,AGT006,3356000000,2023-03-02,Bertahap,0.0218,73160800
TRX268,LST00556,AGT098,3826000000,2023-12-19,Tunai,0.0203,77667800
TRX269,LST00557,AGT121,3629000000,2024-06-11,Tunai,0.0289,104878100
TRX270,LST00558,AGT104,7451000000,2022-12-20,KPR,0.0281,209373100
TRX271,LST00560,AGT095,778000000,2022-06-13,KPR,0.0211,16415800
TRX272,LST00563,AGT049,3823000000,2025-02-28,Tunai,0.0252,96339600
TRX273,LST00565,AGT054,13206000000,2022-11-19,Tunai,0.0219,289211400
TRX274,LST00566,AGT107,4293000000,2023-02-21,Tunai,0.0292,125355600
TRX275,LST00572,AGT087,2784000000,2024-06-29,KPA,0.0255,70992000
TRX276,LST00575,AGT122,17127000000,2024-01-20,Tunai,0.0294,503533800
TRX277,LST00577,AGT026,3503000000,2024-11-08,KPR,0.0234,81970200
TRX278,LST00578,AGT033,8267000000,2024-08-01,KPR,0.0296,244703200
TRX279,LST00579,AGT124,9403000000,2024-06-17,Tunai,0.0204,191821200
TRX280,LST00582,AGT017,2873000000,2023-06-20,Tunai,0.0281,80731300
TRX281,LST00583,AGT067,2482000000,2024-02-26,Bertahap,0.0275,68255000
TRX282,LST00585,AGT100,7357000000,2024-03-23,Tunai,0.0209,153761300
TRX283,LST00588,AGT129,5036000000,2024-02-27,Tunai,0.0256,128921600
TRX284,LST00591,AGT019,9197000000,2022-12-18,Tunai,0.0239,219808300
TRX285,LST00592,AGT149,14421000000,2024-11-29,KPR,0.0228,328798800
TRX286,LST00593,AGT038,3622000000,2023-02-04,Bertahap,0.022,79684000
TRX287,LST00596,AGT062,7289000000,2025-01-21,Tunai,0.024,174936000
TRX288,LST00597,AGT098,4791000000,2025-01-06,Tunai,0.0202,96778200
TRX289,LST00598,AGT006,9261000000,2023-04-15,Tunai,0.0248,229672800
TRX290,LST00599,AGT124,10600000000,2023-04-28,Tunai,0.0299,316940000
TRX291,LST00601,AGT031,3514000000,2022-04-24,Bertahap,0.0268,94175200
TRX292,LST00602,AGT148,1852000000,2023-01-21,KPR,0.0219,40558800
TRX293,LST00603,AGT077,5897000000,2025-02-28,Tunai,0.0275,162167500
TRX294,LST00605,AGT012,4321000000,2023-03-06,KPR,0.0264,114074400
TRX295,LST00610,AGT070,2872000000,2022-10-03,Tunai,0.0203,58301600
TRX296,LST00611,AGT086,13843000000,2022-10-25,KPR,0.0219,303161700
TRX297,LST00612,AGT135,12987000000,2023-12-13,KPR,0.0282,366233400
TRX298,LST00613,AGT026,1288000000,2024-08-05,Tunai,0.0274,35291200
TRX299,LST00615,AGT095,4777000000,2024-12-24,KPR,0.0251,119902700
TRX300,LST00617,AGT081,2281000000,2022-05-20,KPR,0.0291,66377100
TRX301,LST00618,AGT074,8763000000,2025-02-25,KPR,0.0289,253250700
TRX302,LST00620,AGT089,4532000000,2025-02-04,KPR,0.0271,122817200
TRX303,LST00626,AGT132,1568000000,2024-12-01,Tunai,0.0264,41395200
TRX304,LST00628,AGT113,3563000000,2023-03-12,KPR,0.0221,78742300
TRX305,LST00629,AGT049,5185000000,2023-06-15,KPR,0.02,103700000
TRX306,LST00632,AGT129,677000000,2022-05-09,KPR,0.0298,20174600
TRX307,LST00637,AGT038,4027000000,2025-02-28,KPR,0.0237,95439900
TRX308,LST00638,AGT060,4239000000,2022-10-22,KPR,0.0216,91562400
TRX309,LST00644,AGT020,9359000000,2022-11-23,Tunai,0.0267,249885300
TRX310,LST00645,AGT033,1017000000,2024-03-16,Tunai,0.0268,27255600
TRX311,LST00646,AGT115,1320000000,2022-03-29,KPA,0.0231,30492000
TRX312,LST00650,AGT135,1312000000,2023-11-23,KPA,0.0274,35948800
TRX313,LST00652,AGT064,1948000000,2022-11-08,KPA,0.0201,39154800
TRX314,LST00653,AGT068,3059000000,2022-04-24,KPR,0.0228,69745200
TRX315,LST00654,AGT057,12906000000,2024-08-08,Bertahap,0.0249,321359400
TRX316,LST00655,AGT066,14607000000,2023-08-27,KPA,0.0269,392928300
TRX317,LST00656,AGT149,6597000000,2023-03-03,Bertahap,0.0245,161626500
TRX318,LST00662,AGT022,2006000000,2024-03-13,KPR,0.0207,41524200
TRX319,LST00663,AGT040,4122000000,2022-04-29,KPR,0.029,119538000
TRX320,LST00665,AGT007,4100000000,2024-08-21,KPR,0.0254,104140000
TRX321,LST00667,AGT086,4513000000,2023-06-30,Bertahap,0.0226,101993800
TRX322,LST00668,AGT109,1583000000,2022-10-10,KPA,0.024,37992000
TRX323,LST00669,AGT128,11119000000,2023-01-18,KPR,0.0286,318003400
TRX324,LST00670,AGT038,1690000000,2022-06-16,Bertahap,0.0212,35828000
TRX325,LST00671,AGT148,7679000000,2024-03-15,KPR,0.0295,226530500
TRX326,LST00675,AGT093,1075000000,2022-08-30,Tunai,0.022,23650000
TRX327,LST00676,AGT090,3232000000,2023-05-05,KPR,0.0247,79830400
TRX328,LST00678,AGT149,874000000,2023-06-06,KPR,0.0204,17829600
TRX329,LST00679,AGT004,3604000000,2024-01-05,KPR,0.0276,99470400
TRX330,LST00681,AGT042,448000000,2023-11-07,KPR,0.0244,10931200
TRX331,LST00687,AGT009,2215000000,2022-06-29,Bertahap,0.0214,47401000
TRX332,LST00689,AGT101,12260000000,2024-12-03,KPR,0.0266,326116000
TRX333,LST00692,AGT133,4523000000,2024-06-12,KPR,0.0277,125287100
TRX334,LST00693,AGT100,1189000000,2023-04-04,KPR,0.0257,30557300
TRX335,LST00694,AGT128,623000000,2024-11-12,KPR,0.0286,17817800
TRX336,LST00696,AGT094,1544000000,2024-11-01,KPR,0.0235,36284000
TRX337,LST00698,AGT094,16548000000,2023-12-15,KPA,0.0206,340888800
TRX338,LST00704,AGT111,8188000000,2023-11-11,KPR,0.0251,205518800
TRX339,LST00705,AGT046,2025000000,2024-10-29,KPA,0.0219,44347500
TRX340,LST00706,AGT135,2100000000,2024-08-23,Tunai,0.0203,42630000
TRX341,LST00708,AGT147,3417000000,2023-10-15,KPR,0.026,88842000
TRX342,LST00709,AGT039,7842000000,2024-12-03,KPR,0.0214,167818800
TRX343,LST00710,AGT116,5347000000,2025-02-28,KPR,0.0211,112821700
TRX344,LST00711,AGT097,3676000000,2024-01-21,Tunai,0.0253,93002800
TRX345,LST00712,AGT078,5489000000,2024-03-22,KPR,0.0272,149300800
TRX346,LST00713,AGT139,1843000000,2023-04-24,KPR,0.0214,39440200
TRX347,LST00715,AGT112,9970000000,2022-07-11,KPR,0.0201,200397000
TRX348,LST00718,AGT002,6248000000,2024-10-19,KPR,0.0281,175568800
TRX349,LST00719,AGT062,881000000,2025-02-28,KPR,0.0286,25196600
TRX350,LST00721,AGT148,7638000000,2024-08-13,KPR,0.0256,195532800
TRX351,LST00722,AGT026,4682000000,2023-02-13,KPA,0.0282,132032400
TRX352,LST00723,AGT053,1081000000,2025-02-08,Tunai,0.0264,28538400
TRX353,LST00724,AGT147,1664000000,2024-02-21,Tunai,0.0239,39769600
TRX354,LST00725,AGT062,2245000000,2023-12-04,KPR,0.0268,60166000
TRX355,LST00726,AGT014,9929000000,2024-12-29,KPR,0.0298,295884200
TRX356,LST00727,AGT032,2244000000,2024-04-06,Tunai,0.0292,65524800
TRX357,LST00728,AGT126,1587000000,2024-08-23,Tunai,0.0288,45705600
TRX358,LST00729,AGT047,5036000000,2024-03-02,KPR,0.0264,132950400
TRX359,LST00732,AGT033,4523000000,2025-02-01,KPR,0.03,135690000
TRX360,LST00733,AGT132,7280000000,2024-04-11,KPR,0.0274,199472000
TRX361,LST00744,AGT121,1985000000,2024-02-08,KPR,0.0214,42479000
TRX362,LST00746,AGT027,949000000,2024-08-08,Bertahap,0.0288,27331200
TRX363,LST00749,AGT098,2632000000,2023-11-23,Tunai,0.0213,56061600
TRX364,LST00750,AGT150,14341000000,2024-12-11,KPR,0.0294,421625400
TRX365,LST00751,AGT083,12673000000,2023-10-28,Tunai,0.0246,311755800
TRX366,LST00752,AGT053,502000000,2022-07-18,KPR,0.0246,12349200
TRX367,LST00753,AGT056,8052000000,2025-02-28,KPA,0.024,193248000
TRX368,LST00754,AGT081,1490000000,2024-11-27,KPR,0.0225,33525000
TRX369,LST00758,AGT141,1890000000,2024-08-31,Tunai,0.0219,41391000
TRX370,LST00759,AGT095,1187000000,2023-05-07,KPA,0.0278,32998600
TRX371,LST00760,AGT046,9767000000,2022-09-26,Tunai,0.0255,249058500
TRX372,LST00761,AGT064,2657000000,2022-09-29,Tunai,0.0237,62970900
TRX373,LST00762,AGT026,5026000000,2022-09-22,Tunai,0.0214,107556400
TRX374,LST00764,AGT048,4098000000,2024-03-31,KPA,0.0245,100401000
TRX375,LST00766,AGT086,871000000,2024-04-23,Bertahap,0.0287,24997700
TRX376,LST00767,AGT150,496000000,2023-08-26,KPR,0.0222,11011200
TRX377,LST00770,AGT124,1251000000,2023-01-18,KPR,0.0266,33276600
TRX378,LST00771,AGT128,1047000000,2022-08-21,Tunai,0.0218,22824600
TRX379,LST00773,AGT107,5147000000,2022-12-29,KPA,0.0221,113748700
TRX380,LST00774,AGT117,9638000000,2023-02-26,KPR,0.0227,218782600
TRX381,LST00781,AGT065,1478000000,2024-12-20,Tunai,0.0277,40940600
TRX382,LST00783,AGT091,7477000000,2022-08-06,Tunai,0.0278,207860600
TRX383,LST00784,AGT078,2173000000,2024-04-17,Tunai,0.0232,50413600
TRX384,LST00785,AGT104,373000000,2022-11-02,Bertahap,0.0213,7944900
TRX385,LST00786,AGT025,5781000000,2024-11-26,KPR,0.0261,150884100
TRX386,LST00787,AGT053,4645000000,2023-10-01,Tunai,0.0274,127273000
TRX387,LST00788,AGT125,2840000000,2023-01-17,KPA,0.021,59640000
TRX388,LST00790,AGT077,6485000000,2022-12-30,KPR,0.0201,130348500
TRX389,LST00791,AGT038,11243000000,2025-02-28,KPR,0.0233,261961900
TRX390,LST00792,AGT122,1980000000,2023-10-27,KPR,0.022,43560000
TRX391,LST00793,AGT099,11007000000,2023-11-30,KPR,0.0231,254261700
TRX392,LST00794,AGT031,8866000000,2024-02-02,Tunai,0.0291,258000600
TRX393,LST00795,AGT120,15819000000,2024-04-29,Tunai,0.0248,392311200
TRX394,LST00796,AGT100,2314000000,2024-03-23,KPR,0.023,53222000
TRX395,LST00797,AGT036,2684000000,2025-01-27,KPR,0.029,77836000
TRX396,LST00798,AGT047,8403000000,2024-04-24,Tunai,0.0212,178143600
TRX397,LST00802,AGT116,6931000000,2023-05-29,Tunai,0.0216,149709600
TRX398,LST00803,AGT042,7480000000,2022-04-15,Tunai,0.027,201960000
TRX399,LST00805,AGT049,13321000000,2022-09-08,KPR,0.0298,396965800
TRX400,LST00807,AGT060,410000000,2023-10-21,KPR,0.0291,11931000
TRX401,LST00808,AGT100,1523000000,2023-09-02,KPR,0.0214,32592200
TRX402,LST00809,AGT137,4551000000,2023-01-13,KPR,0.0248,112864800
TRX403,LST00812,AGT021,9982000000,2025-02-21,Tunai,0.0269,268515800
TRX404,LST00813,AGT058,3292000000,2022-05-01,Tunai,0.0258,84933600
TRX405,LST00814,AGT051,8579000000,2024-08-09,KPR,0.0297,254796300
TRX406,LST00816,AGT088,15947000000,2025-02-28,Tunai,0.0234,373159800
TRX407,LST00817,AGT012,12967000000,2024-01-04,KPR,0.0289,374746300
TRX408,LST00819,AGT053,7836000000,2024-02-07,KPR,0.0262,205303200
TRX409,LST00820,AGT063,9446000000,2024-03-26,KPR,0.0211,199310600
TRX410,LST00823,AGT006,9023000000,2022-07-09,KPA,0.022,198506000
TRX411,LST00824,AGT072,14430000000,2022-05-29,KPR,0.0271,391053000
TRX412,LST00826,AGT087,14663000000,2024-06-09,KPR,0.0235,344580500
TRX413,LST00828,AGT120,9225000000,2023-10-13,Tunai,0.0202,186345000
TRX414,LST00830,AGT079,10143000000,2022-05-19,Tunai,0.0299,303275700
TRX415,LST00832,AGT021,2496000000,2023-09-25,KPR,0.0219,54662400
TRX416,LST00835,AGT005,10941000000,2022-12-29,Tunai,0.029,317289000
TRX417,LST00837,AGT007,2733000000,2024-02-02,KPR,0.0291,79530300
TRX418,LST00838,AGT008,777000000,2023-05-30,KPR,0.027,20979000
TRX419,LST00839,AGT131,11487000000,2022-08-24,Tunai,0.0234,268795800
TRX420,LST00840,AGT039,6345000000,2023-01-20,Bertahap,0.0266,168777000
TRX421,LST00842,AGT063,13575000000,2024-07-21,KPR,0.0255,346162500
TRX422,LST00843,AGT021,2973000000,2024-07-05,Tunai,0.0201,59757300
TRX423,LST00846,AGT051,3399000000,2022-08-28,KPR,0.0238,80896200
TRX424,LST00848,AGT109,6530000000,2024-04-21,KPR,0.0239,156067000
TRX425,LST00849,AGT028,387000000,2024-10-21,KPR,0.027,10449000
TRX426,LST00850,AGT116,12008000000,2023-06-11,Tunai,0.0285,342228000
TRX427,LST00853,AGT145,9139000000,2022-11-01,Tunai,0.0271,247666900
TRX428,LST00856,AGT072,1384000000,2022-08-09,KPR,0.0272,37644800
TRX429,LST00858,AGT134,2523000000,2024-10-09,Tunai,0.0228,57524400
TRX430,LST00861,AGT111,1069000000,2022-03-21,Tunai,0.0292,31214800
TRX431,LST00863,AGT121,2721000000,2025-01-17,KPA,0.0291,79181100
TRX432,LST00864,AGT001,2036000000,2023-01-10,KPR,0.0202,41127200
TRX433,LST00865,AGT108,10821000000,2025-02-28,Bertahap,0.0211,228323100
TRX434,LST00866,AGT047,2559000000,2024-05-21,KPR,0.0206,52715400
TRX435,LST00867,AGT124,2731000000,2024-09-26,KPR,0.0278,75921800
TRX436,LST00868,AGT064,3943000000,2024-04-28,KPR,0.0272,107249600
TRX437,LST00873,AGT139,518000000,2024-05-14,KPR,0.0287,14866600
TRX438,LST00879,AGT139,2657000000,2023-12-24,KPR,0.0258,68550600
TRX439,LST00880,AGT109,4751000000,2024-11-28,Tunai,0.0263,124951300
TRX440,LST00883,AGT028,15022000000,2025-01-26,KPA,0.0211,316964200
TRX441,LST00886,AGT127,4251000000,2022-03-22,Bertahap,0.0214,90971400
TRX442,LST00887,AGT054,5144000000,2024-12-04,KPR,0.0219,112653600
TRX443,LST00888,AGT132,2491000000,2022-11-21,KPR,0.02,49820000
TRX444,LST00889,AGT020,7085000000,2023-06-02,KPR,0.0221,156578500
TRX445,LST00890,AGT030,1450000000,2023-03-04,KPR,0.0232,33640000
TRX446,LST00892,AGT096,4866000000,2024-06-12,Tunai,0.0282,137221200
TRX447,LST00893,AGT065,4243000000,2025-02-28,Tunai,0.0261,110742300
TRX448,LST00894,AGT003,5294000000,2023-08-10,KPR,0.0273,144526200
TRX449,LST00897,AGT150,12309000000,2022-12-06,KPR,0.0244,300339600
TRX450,LST00899,AGT148,12834000000,2022-12-12,KPR,0.0218,279781200
TRX451,LST00901,AGT036,8537000000,2022-10-30,KPR,0.0288,245865600
TRX452,LST00902,AGT144,6847000000,2023-04-27,KPR,0.027,184869000
TRX453,LST00906,AGT003,4030000000,2022-10-15,KPR,0.0219,88257000
TRX454,LST00908,AGT123,7217000000,2025-01-25,Bertahap,0.0299,215788300
TRX455,LST00911,AGT016,10442000000,2023-11-24,KPA,0.0284,296552800
TRX456,LST00912,AGT094,4325000000,2023-06-09,Tunai,0.0251,108557500
TRX457,LST00914,AGT001,2733000000,2024-08-29,Tunai,0.0225,61492500
TRX458,LST00916,AGT056,2677000000,2023-03-02,KPR,0.0253,67728100
TRX459,LST00917,AGT080,1371000000,2023-09-03,KPA,0.0225,30847500
TRX460,LST00919,AGT134,7970000000,2024-09-04,KPR,0.0206,164182000
TRX461,LST00920,AGT074,7595000000,2025-01-10,Bertahap,0.0206,156457000
TRX462,LST00921,AGT067,1108000000,2023-05-19,Tunai,0.0208,23046400
TRX463,LST00922,AGT036,16549000000,2023-01-12,Bertahap,0.0245,405450500
TRX464,LST00923,AGT092,243000000,2022-09-11,KPA,0.0209,5078700
TRX465,LST00929,AGT118,201000000,2023-03-16,KPR,0.027,5427000
TRX466,LST00931,AGT089,2116000000,2024-06-08,KPR,0.0257,54381200
TRX467,LST00932,AGT063,13119000000,2024-01-13,KPR,0.0245,321415500
TRX468,LST00933,AGT109,10396000000,2023-03-02,Tunai,0.0237,246385200
TRX469,LST00934,AGT095,6081000000,2022-11-21,Tunai,0.0231,140471100
TRX470,LST00935,AGT059,2900000000,2023-04-23,KPR,0.0223,64670000
TRX471,LST00936,AGT039,2484000000,2024-06-28,KPA,0.0235,58374000
TRX472,LST00937,AGT042,7102000000,2023-01-11,Tunai,0.0232,164766400
TRX473,LST00938,AGT104,13931000000,2022-05-29,Tunai,0.0246,342702600
TRX474,LST00941,AGT039,634000000,2022-08-07,Tunai,0.0215,13631000
TRX475,LST00942,AGT073,1164000000,2024-08-16,KPR,0.0242,28168800
TRX476,LST00945,AGT025,1249000000,2025-01-20,KPR,0.0279,34847100
TRX477,LST00946,AGT063,4440000000,2023-04-02,KPA,0.0215,95460000
TRX478,LST00951,AGT005,13918000000,2023-05-27,Tunai,0.0279,388312200
TRX479,LST00953,AGT085,9664000000,2024-04-03,KPR,0.0215,207776000
TRX480,LST00954,AGT039,2180000000,2024-05-14,KPR,0.0209,45562000
TRX481,LST00955,AGT104,1273000000,2023-07-16,KPR,0.0227,28897100
TRX482,LST00960,AGT093,2585000000,2025-02-28,Tunai,0.0239,61781500
TRX483,LST00961,AGT101,4244000000,2023-04-12,Tunai,0.0228,96763200
TRX484,LST00963,AGT106,1761000000,2024-04-23,Tunai,0.0272,47899200
TRX485,LST00965,AGT050,13925000000,2023-05-08,KPR,0.0249,346732500
TRX486,LST00969,AGT107,4759000000,2024-09-27,KPR,0.0296,140866400
TRX487,LST00970,AGT075,3288000000,2024-10-08,KPR,0.0271,89104800
TRX488,LST00972,AGT106,6311000000,2022-09-27,KPR,0.0224,141366400
TRX489,LST00973,AGT126,5009000000,2025-01-07,KPR,0.0242,121217800
TRX490,LST00975,AGT093,10998000000,2024-12-09,KPR,0.0263,289247400
TRX491,LST00976,AGT076,5762000000,2023-04-20,KPR,0.0268,154421600
TRX492,LST00979,AGT044,4486000000,2022-08-09,KPR,0.026,116636000
TRX493,LST00982,AGT130,1567000000,2022-08-18,KPR,0.0272,42622400
TRX494,LST00986,AGT026,9799000000,2024-07-16,KPR,0.0237,232236300
TRX495,LST00987,AGT122,1054000000,2024-12-10,KPR,0.0202,21290800
TRX496,LST00988,AGT146,914000000,2023-07-04,KPR,0.0221,20199400
TRX497,LST00989,AGT117,482000000,2025-02-28,KPR,0.0291,14026200
TRX498,LST00995,AGT133,8554000000,2023-10-22,KPA,0.0292,249776800
TRX499,LST00998,AGT052,4410000000,2024-05-17,KPR,0.0255,112455000
TRX500,LST00999,AGT143,4871000000,2022-08-04,KPR,0.027,131517000
